Day,Title,Description,Hashtags,CTA,CanvaText
1,"Unlock Your Natural Glow: Daily Skincare Secrets","Discover the power of simple, effective skincare routines that transform your skin from dull to radiant. Learn how to incorporate natural ingredients like honey and aloe vera into your daily regimen for a glowing complexion. These easy-to-follow tips are perfect for busy women who want healthy, beautiful skin without spending hours in front of the mirror. Embrace self-care that fits your lifestyle and watch your confidence soar. With consistent application, you'll notice smoother texture, reduced fine lines, and a natural luminosity that turns heads. Start your journey to flawless skin today and feel empowered in your own beauty.","#SkincareRoutine #NaturalBeauty #GlowUp #SelfCare #BeautyTips #HealthySkin #AloeVera #HoneyMask #DailySkincare #RadiantSkin #BeautyHacks #SkinCareEssentials #NaturalGlow #BeautyRegimen #SkinHealth #BeautySecrets #SkincareTips #GlowingSkin #BeautyRoutine #SelfLove","Ready to glow? Click the link in bio to discover products that enhance your natural beauty!","Unlock Your Glow"
2,"Glow From Within: Natural Beauty Tips","Illuminate your natural beauty with insider tips that work from the inside out. Explore nourishing routines using everyday kitchen staples that hydrate and rejuvenate. Perfect for women seeking authentic radiance without harsh chemicals. These gentle methods promote skin health while fitting seamlessly into hectic schedules. Experience the joy of waking up to glowing skin that reflects your inner vitality. Transform your skincare approach and embrace your most beautiful self.","#NaturalGlow #BeautyFromWithin #SkincareTips #RadiantBeauty #SelfCareRoutine #HealthySkinCare #NaturalIngredients #BeautyHacks #GlowingSkin #SkinHealth #BeautyRegimen #NaturalBeautyTips #SkincareSecrets #BeautyEssentials #GlowNaturally #SkinCareRoutine #BeautyWellness #NaturalRadiance #BeautyTransformation #SelfLoveBeauty","Glow naturally! Link in bio for ingredients that nourish your skin.","Glow From Within"
3,"Radiant Skin Routine for Busy Women","Master the art of radiant skin care with routines designed for modern women. Incorporate antioxidant-rich ingredients that combat environmental stressors. These techniques deliver professional results in the comfort of home. Feel the empowerment of taking control of your skin's destiny. Watch as dullness fades and natural luminosity emerges. Your journey to glowing confidence starts with these simple, effective practices.","#RadiantSkin #SkincareForWomen #NaturalBeautyRoutine #GlowUpTips #SelfCareBeauty #HealthyComplexion #BeautyRituals #SkinCareHacks #GlowingBeauty #NaturalSkincare #BeautyFromNature #SkinHealthTips #BeautyRegimen #RadiantGlow #SelfCareSkincare #BeautyEssentials #NaturalBeautyHacks #GlowNaturally #SkinCareWellness #BeautyEmpowerment","Transform your skin! Check the link for routines that deliver results.","Radiant Routine"
4,"Natural Ingredients for Flawless Complexion","Harness the power of nature's finest ingredients for skin that shines. Learn blending techniques that maximize absorption and efficacy. These methods are gentle yet powerful, suitable for all skin types. Experience the satisfaction of visible improvements in texture and tone. Embrace self-care rituals that nourish body and soul. Your path to natural beauty begins here.","#NaturalIngredients #SkincareTransformation #BeautyFromKitchen #GlowNaturally #SelfCareTips #HealthySkinGlow #BeautyHacks #NaturalBeautyCare #SkinCareEssentials #RadiantComplexion #BeautyRegimen #NaturalGlowUp #SkincareWellness #BeautySecrets #GlowFromWithin #SkinHealthHacks #BeautyRituals #NaturalRadiance #SelfCareBeauty #BeautyInspiration","Unlock radiance! Click the link for natural beauty solutions.","Natural Radiance"
5,"Skincare Hacks for Glowing Skin","Unlock skincare secrets that deliver dramatic results with minimal effort. Discover layering techniques that enhance product performance. These hacks are perfect for women who want maximum impact. Feel the thrill of compliments on your glowing complexion. Transform your routine into a luxurious daily ritual. Your skin deserves this level of care and attention.","#SkincareHacks #GlowUpBeauty #NaturalBeautyTips #RadiantSkinCare #SelfCareRoutine #HealthyGlow #BeautyEssentials #SkinCareTips #GlowingComplexion #NaturalBeautyHacks #BeautyRegimen #GlowNaturally #SkincareSecrets #BeautyWellness #RadiantBeauty #SelfCareHacks #SkinHealthTips #BeautyTransformation #NaturalGlow #BeautyEmpowerment","Elevate your glow! Link in bio for skincare essentials.","Skincare Hacks"
6,"Transform Your Skin with Simple Rituals","Revolutionize your skincare with transformative rituals that yield lasting results. Explore temperature techniques and massage methods for optimal absorption. These advanced yet accessible practices elevate your routine. Experience the profound impact on skin health and appearance. Embrace the beauty of consistent, mindful self-care. Your radiant future awaits.","#SkincareRituals #TransformYourSkin #NaturalBeautyGlow #GlowUpRoutine #SelfCareBeauty #HealthyRadiance #BeautyHacks #SkinCareTransformation #GlowingSkinTips #NaturalBeautyCare #BeautyRegimen #GlowFromNature #SkincareWellness #BeautySecrets #RadiantGlow #SelfCareEssentials #SkinHealthHacks #BeautyInspiration #NaturalRadiance #BeautyEmpowerment","Shine from within! Discover products in the link that boost your beauty.","Skin Transformation"
7,"Fitness at Home: No Gym Required","Achieve your fitness goals from the comfort of your home with bodyweight exercises that tone and strengthen. These accessible workouts target all major muscle groups, perfect for women balancing careers and family. Learn proper form for squats, push-ups, and planks to maximize results and prevent injury. Incorporate cardio bursts for heart health and flexibility stretches for recovery. This routine adapts to all fitness levels, from beginners to advanced. Feel the empowerment of taking control of your health without leaving your living room. Consistency is key – commit to these 20-minute sessions and witness transformative changes in your body and energy levels.","#HomeWorkouts #BodyweightExercises #FitnessAtHome #WomenFitness #StrengthTraining #NoGymNeeded #HealthyLifestyle #WorkoutRoutine #FitnessMotivation #ToneUp #BodyweightFitness #HomeGym #FitnessTips #ExerciseAtHome #StrongWomen #FitnessGoals #WorkoutFromHome #HealthAndFitness #FitnessJourney #EmpowerYourBody","Get fit from home! Check the link for equipment that makes workouts easier.","Home Fitness Power"
8,"Bodyweight Workouts for Busy Women","Build functional strength with exercises that mimic real-life movements. These bodyweight routines improve posture, balance, and overall athleticism. Perfect for women seeking efficient fitness solutions. Learn progression techniques to continually challenge your body. Incorporate variety to prevent boredom and target different muscle groups. This approach delivers comprehensive fitness benefits. Feel the confidence of a capable, strong physique. Transform your health through accessible, effective training.","#BodyweightWorkouts #HomeFitness #WomenStrength #FunctionalFitness #WorkoutFromHome #FitnessMotivation #BodyweightTraining #HealthyLifestyle #FitnessTips #StrongWomen #HomeWorkoutRoutine #FitnessGoals #EmpowerYourBody #BodyweightFitness #WorkoutMotivation #FitnessJourney #WomenFitness #HealthAndFitness #FitnessAtHome #BodyStrength","Build strength anywhere! Link in bio for bodyweight workout guides.","Bodyweight Strength"
9,"Strength Training for Everyday Strength","Develop functional strength that supports daily activities and long-term health. These resistance exercises build muscle while improving metabolism. Suitable for all fitness levels with modifications available. Learn compound movements that work multiple muscle groups simultaneously. Incorporate progressive overload for continuous gains. This training empowers physical and mental resilience. Experience the joy of feeling strong and capable. Your journey to functional fitness begins now.","#StrengthTraining #WomenStrength #FunctionalStrength #FitnessTraining #WorkoutRoutine #FitnessMotivation #StrengthBuilding #HealthyLifestyle #FitnessTips #StrongWomen #StrengthWorkout #FitnessGoals #EmpowerYourBody #StrengthExercises #WorkoutMotivation #FitnessJourney #WomenFitness #HealthAndFitness #StrengthAndConditioning #BodyStrength","Strengthen your body! Click the link for home fitness essentials.","Functional Fitness"
10,"HIIT Workouts for Maximum Results","Maximize your workout efficiency with high-intensity interval training that burns fat and builds endurance. These short, intense sessions deliver lasting results. Perfect for busy women with limited time. Learn proper form and recovery techniques for safety. Incorporate variety to target different energy systems. This method boosts metabolism and cardiovascular health. Feel the rush of accomplishment in minimal time. HIIT empowers time-efficient fitness transformation.","#HIITWorkouts #HighIntensityTraining #FitnessEfficiency #WorkoutRoutine #HIITTraining #FitnessMotivation #QuickWorkouts #HIITForWomen #FitnessGoals #HIITExercises #TimeEfficientFitness #HIITBenefits #WorkoutFromHome #FitnessJourney #EmpowerYourBody #HIITWorkout #FitnessTips #WomenFitness #HIITChallenge #CardioFitness","HIIT it up! Discover timers in the link for efficient workouts.","HIIT Blast"
11,"Yoga Poses for Flexibility and Power","Enhance flexibility and build core strength with yoga poses tailored for modern women. These postures improve balance, posture, and mental clarity. Accessible for all levels with modifications provided. Learn breath work integration for deeper benefits. Incorporate sequences that flow smoothly. This practice cultivates physical and emotional well-being. Experience the empowerment of mindful movement. Transform your body and mind through yoga.","#YogaPoses #FlexibilityTraining #YogaForBeginners #StrengthBuilding #Wellness #YogaPractice #MindBodyConnection #YogaBenefits #HealthyLifestyle #YogaRoutine #CoreStrength #YogaTips #YogaJourney #YogaInspiration #BodyFlexibility #YogaForWomen #YogaPosesForStrength #MindfulMovement #YogaWellness #EmpowerThroughYoga","Find your flow! Link in bio for yoga mats and props.","Yoga Power"
12,"Core Workouts for a Strong Center","Strengthen your core with targeted exercises that improve stability and posture. These movements enhance athletic performance and daily function. Perfect for women building functional fitness. Learn proper engagement techniques for maximum effectiveness. Incorporate rotational and anti-rotational exercises. This training supports back health and overall strength. Feel the empowerment of a stable, powerful center. Core workouts foster confidence in movement and appearance.","#CoreWorkouts #CoreStrength #AbWorkouts #Fitness #CoreExercises #StrongCore #FitnessMotivation #CoreTraining #AbdominalExercises #FitnessGoals #CoreFitness #WorkoutRoutine #WomenFitness #CoreStability #FitnessJourney #EmpowerYourBody #CoreWorkout #FitnessTips #StrongAbs #BodyStrength","Core power! Check the link for stability training tools.","Core Strength"
13,"Mindful Eating for Lasting Energy","Nourish your body with mindful eating practices that sustain energy throughout the day. Understand portion control, nutrient-dense foods, and the importance of listening to your body's hunger cues. This approach helps women maintain steady blood sugar levels, reduce cravings, and support overall wellness. Explore colorful plates filled with vegetables, lean proteins, and healthy fats that fuel your busy lifestyle. Learn to differentiate between emotional and physical hunger for better food choices. These habits promote digestive health, weight management, and a positive relationship with food. Embrace eating as self-care and feel vibrant, focused, and satisfied.","#MindfulEating #HealthyEating #NutritionTips #Wellness #EatingHabits #FoodChoices #NutrientDense #BalancedDiet #HealthyLifestyle #EnergyBoost #DigestiveHealth #WeightManagement #FoodAsFuel #MindfulNutrition #HealthyHabits #EatingMindfully #NutritionEducation #WellnessJourney #HealthyEatingHabits #FoodAwareness","Fuel your body right! Link in bio for supplements that support mindful eating.","Eat with Intention"
14,"Stress-Busting Techniques for Busy Women","Master stress management with proven techniques that fit into your hectic schedule. From deep breathing exercises to progressive muscle relaxation, these methods calm your mind and body instantly. Women juggling multiple roles will find relief in these accessible practices. Learn to identify stress triggers and develop coping strategies for long-term resilience. Incorporate short meditation sessions or nature walks for mental clarity. These tools empower you to handle life's challenges with grace and composure. Prioritize your mental health and watch your productivity and relationships improve. Feel the freedom of a calmer, more centered you.","#StressRelief #StressManagement #MentalHealth #RelaxationTechniques #BusyWomen #Mindfulness #StressBusters #CalmMind #WellnessTips #AnxietyRelief #SelfCare #MentalWellbeing #StressFreeLiving #RelaxationMethods #MindfulLiving #StressReduction #EmotionalHealth #WellnessPractices #StressManagementTips #InnerPeace","Reduce stress now! Link in bio for tools that promote relaxation.","Find Your Calm"
15,"Meditation for Mental Clarity","Achieve mental clarity and focus with guided meditation practices tailored for busy women. These short sessions reduce anxiety and improve decision-making. Learn techniques for mindfulness that fit into your schedule. Incorporate breathing exercises and visualization for stress relief. This practice enhances emotional intelligence and resilience. Feel the benefits of a calm mind in all areas of life. Meditation empowers you to respond rather than react to challenges. Cultivate inner peace and clarity that radiates outward.","#Meditation #MentalClarity #Mindfulness #MeditationPractice #StressRelief #MentalHealth #MindfulMeditation #MeditationTips #Wellness #MeditationBenefits #MindfulnessPractice #MentalWellness #MeditationForWomen #ClearMind #MeditationJourney #MindfulLiving #MeditationTechniques #InnerPeace #MeditationHacks #EmpoweredMind","Find your clarity! Check the link for apps that guide your meditation.","Clear Mind Meditation"
16,"Breathing Exercises for Relaxation","Master breathing techniques that instantly reduce stress and promote calm. These exercises are portable tools for busy women. Learn diaphragmatic breathing and 4-7-8 method for quick relief. Incorporate into daily routines for ongoing benefits. This practice improves sleep, focus, and emotional regulation. Feel empowered with control over your stress response. Breathing exercises foster resilience and inner peace.","#BreathingExercises #StressRelief #RelaxationTechniques #BreathingTechniques #Mindfulness #Wellness #BreathingForRelaxation #CalmBreathing #WellnessTips #BreathingMethods #StressManagement #MindfulBreathing #BreathingHacks #InnerPeace #BreathingPractice #WellnessJourney #RelaxationBreathing #EmpoweredBreathing #BreathingWellness #CalmMind","Breathe easy! Click the link for devices that enhance breathing exercises.","Breathe Deep"
17,"Sleep Hygiene for Better Rest","Optimize sleep with hygiene practices that promote deep, restorative rest. These habits improve energy, mood, and cognitive function. Women juggling responsibilities need quality sleep. Learn bedroom environment and routine tips. Incorporate relaxation techniques before bed. This approach enhances overall wellness and productivity. Feel empowered waking refreshed and ready. Good sleep hygiene transforms health and performance.","#SleepHygiene #BetterSleep #SleepTips #RestfulSleep #SleepHealth #SleepRoutine #Wellness #SleepBenefits #SleepHygieneTips #HealthySleep #SleepWellness #SleepHabits #SleepImprovement #WellnessJourney #SleepTechniques #QualitySleep #SleepOptimization #EmpoweredRest #SleepHealth #GoodSleep","Sleep better! Link in bio for products that improve your rest.","Restful Nights"
18,"Hydration Habits for Health","Develop hydration habits that boost energy, skin health, and cognitive function. These practices ensure optimal water intake. Women benefit from proper hydration for wellness. Learn tracking methods and flavorful additions. Incorporate into daily routines easily. This approach supports metabolism and detoxification. Feel empowered maintaining hydration balance. Good hydration habits enhance overall vitality.","#Hydration #HydrationHabits #HealthyHydration #WaterIntake #HydrationTips #Wellness #HydrationBenefits #HealthyLiving #HydrationRoutine #WaterHealth #HydrationWellness #EmpoweredHydration #HydrationHacks #WellnessJourney #HydrationGoals #HealthyHabits #WaterWellness #HydrationTechniques #Vitality #HydrationHealth","Stay hydrated! Check the link for bottles that make drinking fun.","Hydrate Happy"
19,"Morning Rituals for a Productive Day","Kickstart your day with empowering morning rituals that set the tone for success. From mindful meditation to energizing stretches, these habits help you build resilience and focus. Women entrepreneurs and busy moms alike can benefit from these simple practices that boost productivity and reduce stress. Incorporate gratitude journaling and positive affirmations to cultivate a mindset of abundance. These rituals don't require much time but deliver lasting benefits for your mental and physical well-being. Transform your mornings into powerful launches that propel you toward your goals with confidence and clarity.","#MorningRituals #ProductivityHacks #MindfulMorning #PositiveAffirmations #DailyHabits #SuccessMindset #EmpoweredWomen #MorningRoutine #GratitudeJournal #StressRelief #HealthyHabits #Motivation #PersonalGrowth #Wellness #SelfImprovement #MorningMeditation #GoalSetting #Resilience #DailyMotivation #Inspiration","Start your day right! Link in bio for tools to build your perfect morning routine.","Rise & Shine"
20,"Building Confidence Through Daily Affirmations","Transform your mindset with powerful daily affirmations that build unshakeable confidence. Craft personalized statements that address your unique strengths and aspirations. These positive declarations rewire your brain for success and self-love. Women from all walks of life use affirmations to overcome self-doubt and pursue their dreams. Learn to integrate them into your morning routine for maximum impact. Feel the shift as negative thoughts fade and empowering beliefs take root. This practice fosters resilience, motivation, and a growth-oriented outlook. Embrace your worth and step into the confident woman you were meant to be.","#DailyAffirmations #PositiveAffirmations #ConfidenceBuilding #SelfLove #MindsetShift #Empowerment #PersonalDevelopment #Motivation #SelfConfidence #PositiveThinking #AffirmationPractice #InnerStrength #MindsetMakeover #SelfEmpowerment #ConfidenceBoost #PositiveMindset #AffirmationsDaily #SelfWorth #MotivationalQuotes #EmpoweredMind","Boost your confidence! Check the link for journals that amplify affirmations.","Affirm Your Power"
21,"Goal Setting for Personal Growth","Set achievable goals that drive personal growth and fulfillment. Break down big dreams into actionable steps. Women thrive with clear, motivating objectives. Learn SMART goal framework for success. Incorporate visualization and accountability. This process builds confidence and momentum. Feel empowered pursuing meaningful aspirations. Goal setting transforms potential into reality.","#GoalSetting #PersonalGrowth #Achievement #Motivation #SuccessMindset #GoalAchievement #PersonalDevelopment #LifeGoals #MotivationalGoals #GoalPlanning #Empowerment #SelfImprovement #GoalCrushing #PersonalSuccess #GoalSettingTips #MotivationMonday #GoalDriven #EmpoweredGoals #PersonalAmbition #GrowthMindset","Set your goals! Link in bio for planners that track your progress.","Goal Getter"
22,"Journaling for Self-Discovery","Unlock self-discovery through journaling practices that reveal insights and patterns. These reflective exercises promote emotional healing and growth. Women find clarity in written expression. Learn prompts for gratitude, challenges, and aspirations. Incorporate regularly for transformative benefits. This habit fosters self-awareness and intentional living. Feel empowered understanding your inner world. Journaling becomes a trusted companion in personal evolution.","#Journaling #SelfDiscovery #ReflectiveWriting #PersonalGrowth #JournalingPractice #SelfReflection #EmotionalWellness #JournalingTips #Wellness #JournalingBenefits #MindfulJournaling #SelfAwareness #JournalingJourney #PersonalDevelopment #EmpoweredJournaling #JournalingHabits #SelfExploration #WellnessJourney #JournalingPrompts #InnerGrowth","Discover yourself! Click the link for journals that inspire reflection.","Journal Your Journey"
23,"Positive Body Image Affirmations","Foster positive body image with affirmations that celebrate your unique beauty. These statements challenge societal standards and build self-love. Women experience increased confidence and acceptance. Learn to create personalized affirmations. Incorporate mirror work and self-compassion. This practice reduces anxiety and promotes healthy behaviors. Feel empowered embracing your body as it is. Positive affirmations transform self-perception and joy.","#BodyImage #PositiveBodyImage #BodyPositivity #SelfLove #BodyAffirmations #BodyAcceptance #Empowerment #BodyConfidence #PositiveAffirmations #SelfAcceptance #BodyLove #Wellness #BodyImageJourney #EmpoweredBody #BodyPositivityMovement #SelfCompassion #BodyAffirmation #HealthyBodyImage #BodyEmpowerment #LoveYourBody","Love your body! Link in bio for affirmations that build confidence.","Body Love Affirmations"
24,"Celebrating Small Wins Daily","Celebrate small wins to build momentum and maintain motivation. These acknowledgments foster positive habits and resilience. Women thrive recognizing progress in goals. Learn to identify and honor achievements. Incorporate gratitude for accomplishments. This practice boosts confidence and joy. Feel empowered appreciating your journey. Celebrating wins transforms challenges into triumphs.","#SmallWins #CelebrateWins #Motivation #PositiveHabits #Achievement #CelebrateSuccess #Empowerment #MotivationalWins #GoalCelebration #PositiveMindset #WinCelebration #MotivationTips #EmpoweredWins #SuccessCelebration #MotivationalHabits #CelebrateProgress #AchievementMindset #PositiveCelebration #EmpoweredAchievement #WinMindset","Celebrate you! Check the link for trackers that highlight your wins.","Win Celebration"
25,"Wardrobe Essentials Every Woman Needs","Build a versatile wardrobe with timeless pieces that elevate your style and confidence. From classic blouses to comfortable jeans, these essentials mix and match for endless outfits. Perfect for professional women who want to look polished without effort. Learn how to choose quality fabrics that last and colors that flatter your skin tone. These investments in your closet save time and money in the long run. Feel empowered dressing for success in every area of life. Your wardrobe should make you feel unstoppable and ready for any opportunity.","#WardrobeEssentials #TimelessFashion #StyleTips #CapsuleWardrobe #FashionEssentials #WomenStyle #ProfessionalWear #VersatileOutfits #FashionAdvice #ClothingBasics #StyleGuide #FashionMustHaves #WardrobePlanning #FashionInspiration #DressForSuccess #PersonalStyle #FashionTips #WardrobeMakeover #StyleEssentials #EmpoweredStyle","Upgrade your wardrobe! Click the link for pieces that boost your confidence.","Style Essentials"
26,"Fashion Finds on a Budget","Discover affordable fashion that doesn't compromise on style or quality. Shop smart with tips for finding deals on timeless pieces that last. Women with busy lives appreciate these budget-friendly options that build a versatile wardrobe. Learn to identify sales, use discount codes, and shop secondhand for unique finds. These strategies save money while elevating your look. Feel confident and put-together without breaking the bank. Curate a collection that reflects your personality and supports your goals. Your style should empower you, not drain your wallet.","#BudgetFashion #AffordableStyle #FashionOnABudget #Thrifting #StyleTips #FashionDeals #WardrobeEssentials #BudgetFriendly #FashionHacks #SmartShopping #FashionSavings #StyleOnABudget #ThriftedFashion #FashionTips #BudgetStyle #AffordableFashion #FashionFinds #StyleEssentials #EmpoweredFashion #FashionSmart","Shop smart! Link in bio for deals on stylish, affordable pieces.","Budget Beauty"
27,"Sustainable Fashion Choices","Make eco-friendly fashion decisions that align with values and style. Choose brands committed to ethical production and quality. Women appreciate timeless pieces that last. Learn to identify sustainable materials and fair labor practices. This approach reduces environmental impact while looking great. Feel empowered contributing to positive change. Sustainable fashion supports personal and planetary health.","#SustainableFashion #EcoFashion #EthicalFashion #SustainableStyle #FashionForGood #EcoFriendly #SustainableClothing #FashionSustainability #EthicalStyle #GreenFashion #SustainableWardrobe #FashionEthics #EcoStyle #SustainableLiving #FashionConscious #EmpoweredFashion #SustainableChoices #FashionImpact #GreenStyle #EthicalFashion","Choose sustainable! Click the link for brands that care about the planet.","Eco Chic Style"
28,"Capsule Wardrobe Creation","Design a capsule wardrobe that simplifies dressing and maximizes style options. Choose versatile pieces in neutral colors for mix-and-match ease. This approach saves time and reduces decision fatigue. Women appreciate the freedom of a curated closet. Learn to assess your lifestyle needs and personal style. Incorporate seasonal considerations for year-round wear. Feel confident in outfits that express your authentic self. A capsule wardrobe empowers efficient, stylish living.","#CapsuleWardrobe #MinimalistFashion #StyleSimplification #WardrobePlanning #FashionEssentials #TimelessStyle #FashionTips #CapsuleCloset #StyleGuide #FashionMinimalism #WardrobeEssentials #StyleEfficiency #FashionPlanning #PersonalStyle #FashionHacks #WardrobeMakeover #StyleEssentials #EmpoweredStyle #FashionFreedom #CapsuleStyle","Simplify your style! Link in bio for guides to build your capsule.","Capsule Wardrobe"
29,"Time Management for Busy Women","Master time management with strategies that maximize productivity and reduce overwhelm. These techniques help women balance multiple roles. Learn prioritization, batching, and boundary-setting. Incorporate tools for efficient scheduling. This approach creates space for self-care and goals. Feel empowered controlling your time. Effective time management enhances life satisfaction and achievement.","#TimeManagement #Productivity #TimeManagementTips #BusyWomen #Efficiency #TimeManagementSkills #ProductivityHacks #TimeManagementStrategies #WorkLifeBalance #TimeManagementTools #EmpoweredWomen #ProductivityTips #TimeManagementForWomen #EfficientLiving #TimeManagementTechniques #GoalAchievement #TimeManagementHacks #ProductivityBoost #EmpoweredTime #LifeBalance","Manage your time! Check the link for planners that organize your day.","Time Mastery"
30,"Creative Outlets for Stress Relief","Channel creativity for stress relief through accessible artistic activities. These outlets promote mental health and self-expression. Women find joy in painting, writing, or crafting. Learn simple techniques for beginners. Incorporate regularly for emotional release. This practice builds resilience and confidence. Feel empowered exploring your creative side. Creative outlets transform stress into inspiration.","#CreativeOutlets #StressRelief #Creativity #ArtTherapy #CreativeExpression #Wellness #CreativeActivities #StressManagement #ArtisticOutlets #CreativeWellness #EmpoweredCreativity #CreativeTherapy #ArtisticRelief #WellnessJourney #CreativeHobbies #StressReliefTechniques #CreativeMind #ArtisticWellness #EmpoweredArt #CreativeStressRelief","Get creative! Click the link for supplies that spark your imagination.","Creative Calm"